stage,experiment_id,noise,agent,reward_config,c1,c2,c3,c4,c5,avg_reward,avg_waiting_time,avg_queue_length,avg_pressure,avg_throughput,avg_speed,best_reward,best_waiting_time,best_queue_length,best_throughput,best_speed,last100_avg_reward,last100_avg_waiting_time,last100_avg_throughput,last100_avg_speed,model_path,eval_results_path
stage1,1,True,rl,default,1.0,0.3,0.15,0.05,0.005,-29.910735144962306,0.6266046944568145,0.455325,98.661,0.553680897671801,0.08736300201487278,-3.3207812499999996,0.5,0.0,0.935030830871336,0.9343253462079657,-32.875622049457846,0.5956748752821784,0.5502371874107542,0.06885321490978764,models/stage1_exp1_default_noiseTrue.pth,results/stage1_exp1_rl_default_noiseTrue_evaluation_records.csv
stage1,2,False,rl,default,1.0,0.3,0.15,0.05,0.005,-29.911053382379322,0.6761763221989961,0.526,98.473,0.5476552439766029,0.07486776917028794,-4.0171874999999995,0.5,0.0,0.935030830871336,0.9343253462079657,-30.336610104440947,0.6763038474181877,0.5441081453086984,0.06813169873932594,models/stage1_exp2_default_noiseFalse.pth,results/stage1_exp2_rl_default_noiseFalse_evaluation_records.csv
stage2,3,True,heuristic,default,1.0,0.3,0.15,0.05,0.005,-21.813612672327217,0.7372343630450144,0.3983125,71.845,0.5487674935876833,0.1450648867164147,-3.9290625,0.5,0.0,0.935030830871336,0.9343253462079657,-23.197479931655327,0.7477579108333559,0.5483284110745194,0.12575289636436726,N/A,results/stage2_exp3_heuristic_default_noiseTrue_evaluation_records.csv
stage2,4,True,rl,default,1.0,0.3,0.15,0.05,0.005,-33.6539142364366,0.6104267061163665,0.485225,111.063,0.5531612318239756,0.08829195851229105,-3.7398437499999995,0.5,0.0,0.935030830871336,0.9343253462079657,-43.58305527131562,0.6250341389805808,0.5515435384498357,0.05032722032610603,models/stage1_exp1_default_noiseTrue.pth,results/stage2_exp4_rl_default_noiseTrue_evaluation_records.csv
