stage,experiment_id,noise,agent,reward_config,c1,c2,c3,c4,c5,avg_reward,avg_waiting_time,avg_queue_length,avg_pressure,avg_throughput,avg_speed,best_reward,best_waiting_time,best_queue_length,best_throughput,best_speed,last100_avg_reward,last100_avg_waiting_time,last100_avg_throughput,last100_avg_speed,model_path,eval_results_path
stage1,1,True,rl,default,1,0.3,0.15,0.05,0.05,-2.75766,0.2212943927487694,1.1101999999999999,53.486,5.837,0.27821875738955976,-0.18,0.00875,0.1,18,0.5890962429980258,-2.7046499999999996,0.24110518428384264,5.66,0.27821087337684747,models/stage1_exp1_default_noiseTrue.pth,results/stage1_exp1_rl_default_noiseTrue_evaluation_records.csv
stage1,2,False,rl,default,1,0.3,0.15,0.05,0.05,-0.716375,0.05981027354015608,0.31725,16.5,4.476,0.4035888688008905,0.49000000000000005,0.00125,0.025,18,0.8025247195317236,-0.57435,0.05761543425200382,4.46,0.44596840891336514,models/stage1_exp2_default_noiseFalse.pth,results/stage1_exp2_rl_default_noiseFalse_evaluation_records.csv
stage2,3,False,heuristic,default,1,0.3,0.15,0.05,0.05,-4.9612825,0.5306447313091951,1.906775,92.925,5.239,0.17320838874770342,-0.23,0.00875,0.1,19,0.39771514143999215,-5.461950000000002,0.5624697452378192,5.17,0.17461951875871926,N/A,results/stage2_exp3_heuristic_default_noiseFalse_evaluation_records.csv
stage2,4,False,rl,default,1,0.3,0.15,0.05,0.05,-0.779995,0.06107502191081673,0.33215,17.735,4.529,0.3875268508373669,0.34,0.0007407407407407407,0.05,17,0.8030649503457257,-0.7857500000000001,0.06047338840144219,4.75,0.391350016803639,models/stage1_exp2_default_noiseFalse.pth,results/stage2_exp4_rl_default_noiseFalse_evaluation_records.csv
